id,first_name,last_name,age,city,department,salary
1,Corney,Stanyard,45,Tucumã,Legal,79912.99
2,Dorolisa,Himsworth,30,Hafrsfjord,Product Management,84022.65
3,Damon,Jacobbe,36,,Training,77027.01
4,Ailee,Buckwell,58,Pandansari,Human Resources,84690.92
5,Quentin,Yesinin,36,Kupavna,Research and Development,84024.54
6,Edita,Lupton,37,Miguel Hidalgo,Legal,67456.72
7,Melisent,Whiley,41,Weicheng,Marketing,50328.76
8,Padriac,Orrett,58,Uinskoye,Sales,74819.4
9,Joye,Gilbart,50,Litibakul,Human Resources,56329.87
10,Scot,Bedle,59,Yiyang,Sales,64535.08
11,Kenyon,Dulany,51,Pau,Research and Development,50382.4
12,Odilia,Tunnick,32,Nagaracinta,Research and Development,84383.4
13,Beale,Wybourne,55,Lubbock,Product Management,78124.24
14,Maxi,Shakelady,26,Bijia,Product Management,50316.72
15,Gery,Erskine,59,Kedungreja,Marketing,82658.57
16,Major,Jellico,30,Jiagao,Accounting,59155.65
17,Carma,Lenthall,40,Planaltina,Research and Development,76300.13
18,Brunhilde,Torbet,43,Ibarra,Engineering,60223.23
19,Iseabal,Usher,40,Zhourui,Business Development,78925.88
20,Michal,Cluff,55,Sacramento,,86310.83
21,Denni,Czajkowski,43,Sungai Iyu,Product Management,78488.78
22,Gizela,Deesly,28,Pulau Pinang,Research and Development,85205.72
23,Nikaniki,Stellino,31,Namling,Legal,58342.76
24,Garland,Faill,60,Chhāgalnāiya,Services,56725.05
25,Arabela,Cosslett,48,Chame,Product Management,55464.29
26,Laurie,Cammomile,25,Bode Sadu,Marketing,87198.28
27,Damiano,Housegoe,21,Ban Bang Kadi Pathum Thani,Research and Development,51999.33
28,Janelle,Dimitrijevic,53,Charlotte,Marketing,89120.76
29,Alaric,Cowwell,57,El Rancho,Sales,81026.04
30,Dana,Lynock,48,Molde,Marketing,60075.22
31,Elizabet,Hartle,41,Winong,Engineering,88171.03
32,Aviva,Wingatt,34,Hanyuan,Business Development,89388.43
33,Amii,Crocker,53,Saginaw,Research and Development,69642.08
34,Hendrick,Avison,36,Pajo,Marketing,60758.97
35,Bradney,Gavin,50,Yeghegnut,Human Resources,53947.38
36,Giselle,Nisen,53,Qiryat Yam,Accounting,87611.95
37,Ana,Hame,22,Jadho,Services,71249.76
38,Dalis,Keenlyside,24,Sam Khok,Services,78072.77
39,Joni,Coverlyn,46,New Plymouth,Accounting,85456.45
40,Rae,Court,48,Wiązownica,Training,77405.92
41,Christen,Deverille,25,Tabonok,Engineering,89410.0
42,Josepha,Paradin,37,Dole,Business Development,57259.26
43,Mill,Marshfield,30,Dagda,Human Resources,72161.47
44,Monroe,Munks,24,Gualmatán,Legal,77063.65
45,Minerva,Fernie,27,Pereira,Research and Development,50704.33
46,Austin,Waddell,49,Zabrušany,Product Management,56715.64
47,Ansel,Jarret,30,Ouani,Services,74918.84
48,Jessee,Charlon,24,Prochowice,Support,59543.42
49,Sallyann,Brailsford,45,Panineungan,Training,80315.0
50,Stinky,Tivnan,35,Hägersten,Sales,88417.63
51,Zachery,Duval,28,Chengxi,Support,56494.6
52,Phil,Syplus,29,Xinxing,Human Resources,73199.44
53,Gordon,Boutell,44,Songgui,Product Management,69074.66
54,Karlie,Steade,34,Ungus-Ungus,Marketing,67727.98
55,Haven,Ditch,55,Rongkou,Research and Development,74752.48
56,Maighdiln,Fricke,21,Besançon,Legal,71690.65
57,Ardath,Maine,55,Torre,Services,57941.37
58,Lane,Goulthorp,45,Gandong,Business Development,62943.35
59,Lancelot,Pigeon,53,Dananshan,Research and Development,84218.2
60,Jared,De Domenici,50,Mętków,Human Resources,61892.11
61,Bram,St Clair,37,Lyaskovets,Training,83867.11
62,Riki,Renfrew,25,Göteborg,Training,66110.78
63,Devin,Olanda,25,Al Ḩarf,Services,77099.32
64,Sauncho,Bretton,58,West End,Legal,50056.08
65,Scarlet,Corah,53,Ciénaga de Oro,Business Development,58658.73
66,Laureen,Brattan,22,Jianghai,Legal,59817.26
67,Lauren,Cotsford,56,Iwanuma,Product Management,77040.72
68,Cyrill,Masse,21,Huipinggeng,Engineering,79796.37
69,Broddie,Pitsall,39,Caxambu,Business Development,79947.73
70,Dulcine,Peak,58,Pokrovskoye,Services,70631.33
71,Marissa,Osban,25,Ban Huai Thalaeng,Engineering,53999.03
72,Benedicto,Eltune,25,Taiyangling,Services,62605.91
73,Estella,Hallet,58,Jawornik Polski,Training,79570.87
74,Dwight,McKleod,58,Paniówki,Product Management,65831.77
75,Rawley,Betteriss,40,Krajan Kinanti,Engineering,63290.15
76,Aleen,Blazewicz,47,Paris 05,Product Management,80989.43
77,Reuven,Ganter,54,Davila,Engineering,54593.02
78,Maisie,Runcieman,57,Sonorejo,Accounting,73048.02
79,Anderson,Kemer,39,Tewulike,Product Management,79203.7
80,Gay,Sotheby,58,Konstancin-Jeziorna,Legal,54053.4
81,Drucy,Guile,29,Waihai,Business Development,70830.11
82,Bobby,Stoate,58,Qal‘ah-ye Kūf,Services,54024.85
83,Torrance,Cammidge,30,Petawawa,Marketing,76225.64
84,Pincas,Sammons,49,Sinjhoro,Research and Development,61361.0
85,Willabella,Wayland,50,Belém,Business Development,74734.22
86,Lamar,Alejo,26,Gonghe,Accounting,84268.39
87,Josy,Rickword,50,Intendente Alvear,Accounting,85244.08
88,Ashli,Kolinsky,32,Lafayette,Business Development,51401.4
89,Kenn,McLay,50,Kotabaru,Support,69019.03
90,Aura,Brandin,38,Phra Pradaeng,Services,87086.38
91,Pietra,Girdler,58,Göteborg,Human Resources,79330.02
92,Jeremie,Duhig,33,Aktau,Training,89054.67
93,Tamma,Gillions,28,Saint Louis,Services,59168.66
94,Phillis,Pendrid,48,Qiuchuan,Engineering,62183.19
95,Jarrad,Tyce,49,Antipolo,Research and Development,59383.88
96,Petronia,Winspur,54,Gandi,Sales,55439.95
97,Billy,Halpin,59,Kunvald,Legal,76456.77
98,Sandie,Hunnicot,24,Yangmiao,Support,77453.83
99,Letisha,Doghartie,50,Floriana,Research and Development,82522.83
100,Octavius,Rosenvasser,27,Princeville,Accounting,69895.76
101,Polly,Graves,32,Krasnoarmeysk,Sales,69605.8
102,Chance,Endrighi,46,Santa Cruz do Bispo,Product Management,78642.4
103,Mireille,Oven,47,Banjar Bau Kawan,Research and Development,83044.9
104,Gonzalo,Brackstone,38,Bopu,Engineering,50674.77
105,Kirby,Parlor,41,Huaqiao,Human Resources,50714.34
106,Isidoro,Vahey,33,Perené,Services,55055.23
107,Rena,Jime,28,Madrid,Sales,77697.89
108,Cornie,Vittori,53,Pantai Ceuremen,Business Development,71220.28
109,Robbie,Lawty,53,Satka,Services,58547.04
110,Ham,Cawdron,30,Zhangjiabao,Marketing,52843.66
111,Lani,Kovalski,49,Pisarzowice,Product Management,61655.43
112,Camala,Hickinbottom,54,Leone,Sales,74615.38
113,Alden,Dargan,33,Korets’,Legal,72270.67
114,Doroteya,Alwen,42,Przelewice,Product Management,83789.79
115,Jaquenetta,Bowser,50,Icó,Marketing,52575.16
116,Konstance,Bilsborrow,32,Zhongbao,Research and Development,62199.7
117,Clo,Ostler,43,Majalengka,Marketing,52367.5
118,Claudio,Drinkel,33,Lymanske,Product Management,53193.95
119,Amandie,Duchart,48,Guolemude,,59805.16
120,Kaitlyn,Schoolfield,28,Dalianhe,Accounting,56736.3
121,Brenda,Qualtro,32,Selenicë,Product Management,54013.51
122,Travus,Callow,31,Brak,Training,76434.14
123,Bili,Staynes,30,Siquisique,,82090.16
124,Tiphani,Oherlihy,42,New Agutaya,Services,62633.94
125,Rafaelia,Skentelbery,35,Beichengqu,Support,56221.94
126,Pietrek,Josebury,49,Severnyy,Training,81386.47
127,Charles,Allport,43,Londres,Accounting,66657.56
128,Rubin,Scarth,53,Xiangshi,,68969.55
129,Felix,Truelock,47,Cerrito,Marketing,67353.75
130,Beitris,Bendson,56,Kolochava,Legal,71261.94
131,Yvonne,Sebrens,60,Shiziling,Legal,50086.53
132,Pearla,Whitechurch,24,Balingasag,Marketing,77064.64
133,Clem,Cescot,24,Drumcondra,Legal,83935.64
134,Jourdan,Fellini,38,Lingkou,Legal,84078.93
135,Ainsley,Gerty,36,Pervomays’ke,Training,68855.46
136,Oswald,Coombes,38,Osogbo,Accounting,82883.16
137,Johnette,Daniau,51,Duwayr Raslān,Human Resources,89067.97
138,Sophey,Cheeseman,30,Tuguan,Research and Development,88618.89
139,Stephana,Euplate,26,Dipayal,Sales,71073.09
140,Alden,Sheer,41,Al Metlaoui,Sales,70286.49
141,Ingamar,Burcombe,55,Shushicë,Business Development,88859.51
142,Sibyl,Atger,60,Hanyuan,Engineering,54486.26
143,Reiko,Lambden,48,‘Ajlūn,Engineering,84212.03
144,Andriette,Ondrus,21,Solna,Product Management,63769.54
145,Shaylynn,Pochin,50,Ban Ko Lan,Marketing,75566.81
146,Emmy,Rowney,49,Morant Bay,Marketing,58272.74
147,Tina,Guisby,36,Coelho Neto,Legal,66141.47
148,Toddy,Yablsley,49,Jiaoxiyakou,Sales,59906.08
149,Fanni,Rigden,46,Daxin,Product Management,88416.09
150,Ravi,Parramore,24,Itoman,Sales,53746.2
151,Ashien,Hrinishin,21,Birr,Marketing,63777.48
152,Flossi,Baumadier,38,Opatovice nad Labem,Business Development,70565.98
153,Dorothee,Aron,53,Dubrava,Business Development,83026.72
154,Tildi,De Fries,25,Tetovo,Human Resources,73903.38
155,Micky,Haestier,53,Nioro du Rip,Marketing,72005.78
156,Allistir,Kilgallon,34,Kalodu,Training,70851.48
157,Leonora,Hamber,42,Rrasa e Sipërme,Marketing,53839.18
158,Nils,Deeny,49,,Legal,88098.94
159,Willie,Wittleton,41,Brooklyn,Research and Development,70392.5
160,Glynis,Locker,36,Valencia,Support,77310.08
161,Adelle,Blastock,24,Tangzhuang,Legal,71162.75
162,Lenci,Burnside,47,Lysekil,Engineering,65763.93
163,Willey,Ryott,24,Porto Calvo,Training,67071.3
164,Otes,Grima,37,Kutao,Training,76332.58
165,Patsy,Playford,26,Pathein,Business Development,80873.63
166,Clark,Rimbault,58,Pansoy,Support,54320.13
167,Clemmy,Blemen,26,Krajan Menggare,Marketing,84290.03
168,Edsel,Firmager,47,Metallostroy,Research and Development,55547.75
169,Fairlie,Gotcliff,47,Trŭn,Legal,68111.1
170,Correy,Frick,52,Cafayate,Business Development,51624.86
171,Jimmie,Pfaff,60,Sarband,,55558.17
172,Karlotte,Josiah,55,Maragogipe,Training,50648.24
173,Windy,Marflitt,54,Banatsko Karađorđevo,Human Resources,76691.64
174,Kendal,Rickeard,48,Jiaozhou,Research and Development,64566.98
175,Verile,Schirach,33,Quimper,Product Management,82503.79
176,Eileen,Frankcom,44,Falun,Research and Development,58429.91
177,Theodora,Thresher,28,Houston,Training,72843.53
178,Genni,Bedome,47,Phú Túc,Accounting,55903.71
179,Isa,Di Meo,52,Kōnosu,Human Resources,51267.02
180,Myrtle,Pudden,34,Mintian,Legal,51976.46
181,Brittne,Tether,36,Zhishan,Accounting,76765.78
182,Jorie,Gilardone,26,Buan,Research and Development,68324.42
183,Laina,Bruneton,52,Ongkharak,Business Development,62209.64
184,Viv,Bilton,51,Szczaniec,Business Development,70160.34
185,Perren,Tonna,31,Shreveport,Legal,88679.6
186,Evan,Danielot,58,Rušanj,Marketing,83220.1
187,Cosetta,Mustoo,45,Negararatu,Accounting,71600.63
188,Kelbee,Sprulls,32,Cikou,Product Management,86034.01
189,Orv,De Benedictis,31,Lumbang,Business Development,80223.75
190,Olly,Ibbs,34,,Human Resources,79916.81
191,Christie,Villaron,26,Lavandeira,Engineering,50997.64
192,Kaile,Collman,32,Saripin,Support,64709.11
193,Silva,Ineson,43,Dogonbadan,Training,81676.94
194,Marlane,Wheaton,46,Toktogul,Accounting,85358.43
195,Bentlee,Oyley,35,Sanjinquan,Engineering,67620.36
196,Cyrillus,Philipsohn,55,Berlin,Legal,73227.29
197,Frannie,Gulliford,53,Yangzhen,Business Development,73660.91
198,Dani,Lapidus,29,Kashar,Business Development,61228.62
199,Dawn,Featherbie,25,Kangxung,Services,68124.94
200,Pavel,Butcher,25,Ilesa,Support,65688.03
201,Arman,Batterson,44,El Carmen,Engineering,51730.5
202,Gavra,Filppetti,46,Khlong Hat,Accounting,85880.7
203,Esme,Wichard,22,Boulaouane,Services,75395.27
204,Sharona,Canny,57,Mingyuedian,Training,70273.32
205,Hamlin,Kilgallen,28,Mogi Guaçu,Marketing,63248.21
206,Sansone,Hindmore,31,Catbalogan,Training,68543.58
207,Christy,Pretsel,29,Purwojoyo,Legal,62654.86
208,Selinda,Myrtle,30,Butuan,Human Resources,55192.37
209,Genia,Spiaggia,35,Al Ḩashwah,Accounting,75927.5
210,Herb,Desantis,25,Velikiy Ustyug,Marketing,53953.24
211,Kimberley,D'Enrico,48,Lokatadho,Human Resources,53973.57
212,Ofelia,Staples,44,Tiniguiban,Marketing,70820.94
213,Dew,Pykerman,28,Minneapolis,Services,80400.91
214,Betti,Miettinen,35,Mananum,Sales,65761.68
215,Maridel,Jelkes,55,Maranganí,Training,79169.28
216,Cleo,Leither,22,Penang,Accounting,79373.34
217,Gram,Rathmell,41,Longjiang,Marketing,61514.6
218,Zuzana,Whelpdale,27,Lagnieu,Research and Development,53121.27
219,Roda,Cobleigh,29,Roioen,Legal,87617.9
220,Margy,Venning,39,Větřní,Engineering,75375.31
221,Clim,Challener,44,Kalian,Accounting,50085.04
222,Bridie,Tidmarsh,37,Lupon,Support,62933.52
223,Clayborne,Paddemore,41,Yufa,Engineering,69218.39
224,Mannie,Scrowston,39,Ciganaria,Human Resources,52066.97
225,Fransisco,Huckin,25,Prilep,Product Management,88875.72
226,Eloise,Sims,40,Shancheng,Engineering,63561.77
227,Benyamin,O' Gara,46,Oudtshoorn,Engineering,89747.34
228,Shirleen,Jonczyk,54,Braga,Marketing,68839.07
229,Rochester,Arnaudin,44,Brunssum,Product Management,70993.36
230,Bertie,Cristofori,30,Primero de Enero,Services,82847.31
231,Arlin,Witcher,29,Vallentuna,Marketing,60538.97
232,Irita,Pittam,43,Kitimat,Research and Development,73041.96
233,Eula,Peregrine,22,Piraí do Sul,Legal,81846.07
234,Lari,Prawle,21,Dongqiao,Support,70388.38
235,Rosalinde,Deane,45,Sendangagung,Legal,59260.53
236,Luce,Render,29,Älmhult,Human Resources,61316.23
237,Matti,Gadd,41,Apucarana,Product Management,65865.35
238,Scottie,Sinkings,26,Marialva,Legal,74884.02
239,Keri,Tiley,58,Siaton,Human Resources,87686.73
240,Amalee,Fountian,55,Shuhong,Accounting,81336.67
241,Sandy,Bister,56,Varkaus,Engineering,86227.35
242,Haskell,Giacomuzzi,45,Ketawang,Marketing,80327.6
243,Jehu,Nicklen,24,Gabaldon,Engineering,84014.71
244,Vaclav,Kelemen,45,Quibal,Human Resources,77474.24
245,Tamiko,Greengrass,49,Jenamas,Product Management,72238.4
246,Claude,Mil,45,Nueva Vida Sur,Sales,69313.79
247,Sharron,Baulch,58,Jetak Kulon,Product Management,61106.04
248,Mureil,Chasemoore,44,Przybyszówka,Business Development,70409.37
249,Paxon,Kemball,37,La Ensenada,Services,66703.28
250,Antonia,Clamp,56,Zhaoqing,Support,66247.47
251,Wilmette,Percifer,52,Cepões,Sales,66832.61
252,Cathe,Funcheon,32,Wan’an,Accounting,55376.38
253,Winthrop,Butler-Bowdon,40,Tartaro,,51913.83
254,Dale,Jeffcock,54,Shunde,Human Resources,67652.18
255,Vallie,Gerbi,46,Žebrák,Business Development,66012.35
256,Annalee,Fitzackerley,32,El Cantón,Support,73623.11
257,Talia,Odo,45,Mambago,Training,84287.86
258,Gasper,Calbrathe,46,Ntsoudjini,Sales,69892.98
259,Wanids,Iveagh,59,Yachimata,Support,79103.13
260,Anallise,Siely,36,Batawa,Legal,85661.55
261,Kain,Mandifield,55,Åkersberga,Accounting,64218.06
262,Armstrong,Gilroy,40,Koson,Human Resources,51177.84
263,Alina,Leads,43,Fuvahmulah,Training,51421.71
264,Sharl,Piper,49,Emmen,Research and Development,51456.54
265,Alexio,Lello,51,Bergen,Sales,89529.55
266,Nels,Popelay,36,Arnhem,Human Resources,78259.36
267,Carleen,Partridge,50,Nam Khun,Engineering,81193.93
268,Chelsie,Bunker,55,Chum Phuang,Research and Development,50960.59
269,Aimil,Nazair,46,Sendangrejo,Product Management,64813.45
270,Malina,Rosenhaupt,35,Ban Ratsada,Human Resources,61784.78
271,Kennan,Amar,29,Dasi,Sales,71074.71
272,Joshia,Davidovsky,26,Shijiang,Legal,59353.81
273,Adelina,Bawden,60,Kakan,Services,70924.96
274,Diandra,Beau,37,Huotian,Product Management,65711.21
275,Kristin,Heasley,21,Thị Trấn Bình Mỹ,Services,66578.16
276,Gussi,Hamsley,32,Baizhu,Marketing,80762.95
277,Lucien,Pearcey,44,Betzdorf,Engineering,64099.73
278,Matthiew,Tommeo,55,Fairbanks,Training,52850.6
279,Chauncey,Holme,55,Poddębice,Research and Development,55310.79
280,Teodor,Spurnier,47,Haoxin,Support,53736.01
281,Cob,Thunderman,58,Regimin,Product Management,73276.57
282,Sella,Saveall,58,Wuquan,Services,83919.37
283,Vinny,Tire,60,Gaowu,Support,75193.27
284,Reena,Janout,28,Fencheng,Support,83535.66
285,Lance,Glowacz,42,Kandy,Support,73098.33
286,Tamara,Yewen,37,Želiv,Research and Development,73004.25
287,Trumann,Grelik,57,Netvořice,Services,71372.66
288,Robbyn,Misson,32,Baisha,Product Management,54481.54
289,Natalie,Manifold,36,Briceni,Training,88516.68
290,Kasey,Bewicke,31,Krasnoarmiys’k,,83114.32
291,Phyllis,Smithers,21,Sarankhola,Legal,61678.67
292,Suzanna,Hansard,48,Calancuasan Norte,Services,85947.24
293,Emlyn,Ord,28,Gandekan,Research and Development,87759.41
294,Rois,Lambertini,45,São Bento,Product Management,81806.91
295,Laird,Comfort,39,Siaya,Accounting,76499.87
296,Madonna,Tejero,43,Ādīs Zemen,Support,87306.61
297,Eddie,D'eathe,27,San Miguel del Padrón,,77043.4
298,Florie,Hadcock,27,Pingsha,Legal,51910.73
299,Quent,Malec,57,Kotlovka,Research and Development,62176.87
300,Vinnie,McCreery,41,Ricardo Palma,Support,85913.34
301,Zorine,Merryman,41,Maputo,Product Management,68951.16
302,Chantal,Stovell,37,El Rancho,Research and Development,81151.7
303,Rita,Connop,27,Sá,Product Management,76103.02
304,Saraann,Prendeguest,28,Mando,Accounting,56669.79
305,Jermaine,Asbrey,60,Chotcza,Services,68862.19
306,Wilbert,Biggam,34,Uromi,Sales,76348.15
307,Levi,Bellord,53,Cunliji,Engineering,65812.47
308,Terry,Fessions,21,Krasnyy Profintern,Product Management,66523.54
309,Meg,Carryer,21,Krajan Satu,Accounting,56613.93
310,Noel,New,44,Penghu,Services,59912.47
311,Pamela,Broadwell,52,Yazd,Product Management,86523.31
312,Wolfgang,Sparey,57,Sarpsborg,Services,56351.9
313,Leonidas,Flight,59,Ronglong,Support,74358.25
314,Keir,Winchcum,58,Nong Hi,Product Management,58410.56
315,Sterling,Davison,21,Cox’s Bāzār,Research and Development,86711.58
316,Peggi,Eckels,27,Mora,Marketing,69927.16
317,Irwinn,Gonzalo,44,El Corozo,Legal,69796.35
318,Celie,Murr,50,Viña del Mar,Business Development,51009.01
319,Hurleigh,Riddler,32,Shcherbinka,Research and Development,56316.43
320,Morlee,Sherville,46,Castêlo,Sales,57047.04
321,Chlo,Hasslocher,33,Shevchenkove,Research and Development,84302.74
322,Carlos,Romer,50,,Accounting,59706.14
323,Jana,Drewell,30,Kąty Wrocławskie,Legal,84995.08
324,Claretta,Woodroofe,33,Kanluran,Product Management,82056.78
325,Heda,Scruton,40,Jiujiang,Product Management,61368.69
326,Harmonia,Twining,57,Varāmīn,Product Management,76368.11
327,Balduin,Ardy,56,Xanxerê,Marketing,51750.23
328,Georgine,Croote,57,Wafang,Research and Development,51410.37
329,Natalee,Kingswold,38,Krajan Joho,Services,75517.73
330,Delilah,Genney,44,Schœlcher,Sales,89362.34
331,Sherwynd,Cowderoy,28,Kirovohrad,Business Development,89122.61
332,Irita,Carvill,21,El Coco,Research and Development,54951.68
333,Ellyn,Deerr,24,Ardino,Accounting,72100.9
334,Hernando,Plaschke,27,,Marketing,68387.56
335,Maurizia,Cruden,46,Colonia Minga Porá,Accounting,84765.08
336,Sheila,Gimenez,59,,Legal,69362.82
337,Erna,Kalisz,58,Aurora,Accounting,52573.11
338,Torrey,Veldens,51,Jintun,Product Management,70847.43
339,Mab,Guswell,56,Krajan Satu,Accounting,60801.66
340,Gus,Blaycock,38,Himi,Services,77129.31
341,Francisca,Sheards,60,,Sales,58884.49
342,Ariana,Spaven,31,Nîmes,Accounting,78725.88
343,Letisha,Bamborough,22,Loei,Training,55019.86
344,Benedict,Labram,23,Agenebode,Services,81157.47
345,Dora,Sergeant,36,Paris La Défense,Training,56668.31
346,Donny,Lightwing,51,Vikbolandet,Marketing,59399.57
347,Vinny,Wethered,41,Spånga,Human Resources,64571.05
348,Inger,Snoddy,36,Alah Sāy,Training,69648.0
349,Crosby,Goodspeed,52,Sanshandao,Support,60654.55
350,Claiborne,Boothebie,24,Sambuluan,Legal,67424.4
351,Rosalia,Gonneau,44,Kaiaf,Sales,58374.99
352,Marge,Rawlyns,28,Wróblew,Training,84498.65
353,Adrianna,Kopje,47,Nghĩa Hành,Legal,59877.74
354,Whitman,Broadwell,36,Ginebra,Engineering,78591.41
355,Morey,Najara,24,Wenlin,Product Management,72814.03
356,Aubry,Saladino,39,Yangmingbu,,82558.1
357,Ambrosi,Ridger,42,Xinyang,Services,79634.13
358,Celisse,Darrigrand,45,Santa Barbara,Research and Development,86751.06
359,Glyn,Mottley,45,Mehmand Chak,Sales,68812.49
360,Arabele,Crutch,24,Toužim,Marketing,86194.04
361,Andres,Dillinton,54,Carrigtwohill,Legal,88697.15
362,Tamma,Bollans,34,Debre Zeyit,Support,57227.87
363,Melantha,Roggers,59,Narimanov,Product Management,62294.24
364,Itch,Cheater,37,Riyadh,Sales,81770.53
365,Bard,Enrietto,53,Kasangulu,Engineering,78336.68
366,Heath,Lievesley,36,Guebwiller,Training,62276.43
367,Tab,Orcas,45,Alajuelita,Human Resources,77450.18
368,Marguerite,Laite,50,Hake,Business Development,75383.12
369,Maia,Bickford,29,Esperança,Training,76347.16
370,Kathrine,Starte,39,Wola Sernicka,Support,72496.18
371,Tessa,McEnery,54,Rivas,Services,66567.16
372,Mae,Victor,53,Puteran Kidul,Sales,62298.27
373,Fielding,Featherstone,26,Legen,Product Management,69755.1
374,Yard,Millen,42,Jiangguanchi,Sales,62389.86
375,Eleonore,Geale,56,Voyskovitsy,Legal,74394.54
376,Curt,Wort,42,Rado,Human Resources,50810.42
377,Marie,Norwell,57,Stockholm,Engineering,86049.13
378,Chloette,Thurner,56,,Services,80432.8
379,Nikolos,Mercey,58,Shilu,Marketing,84912.58
380,Kristy,Beseke,54,Ar Rawḑah,Sales,84500.41
381,Rodge,Edgecumbe,50,Kaliterus,Business Development,83434.86
382,Rasla,Kenzie,55,Tešanj,Support,71611.75
383,Ganny,Blackall,27,Baojia,Legal,69960.46
384,Binny,Plott,21,Néa Mákri,Legal,63743.01
385,Ingelbert,Losebie,54,General Luna,Sales,76349.08
386,Ripley,Tapton,60,Mēga,Research and Development,69565.94
387,Norton,Reina,48,Udon Thani,Accounting,73051.34
388,Patience,Fettiplace,54,Las Flores,Training,64959.35
389,Fannie,Rattray,21,São Julião do Tojal,Services,62407.12
390,Marketa,Ebbs,52,Novosmolinskiy,Support,79608.06
391,Nicol,Wakeley,57,Mjamaoué,Business Development,69537.27
392,Nari,Kenworth,38,Laylay,Training,51403.65
393,Aguie,Royans,43,Kharovsk,Business Development,73803.57
394,Cassie,Poinsett,36,Petite Anse,Human Resources,75008.81
395,Lari,Powe,56,Marka,Marketing,82533.04
396,Cyrillus,Yekel,44,Poissy,Services,56021.24
397,Dionne,Tunsley,49,Ja Ela,Marketing,58427.51
398,Hilton,Misk,29,Bella Vista,Research and Development,88128.8
399,Clevie,Jansson,31,Melíki,Support,73889.17
400,Codie,Retchless,29,Sainte-Anne-des-Plaines,Product Management,50139.25
401,Ollie,Lowth,30,Babakan,,81938.62
402,Lefty,McLafferty,24,Yanhe,Legal,58420.48
403,Tersina,Stormes,25,Åtvidaberg,Engineering,85035.17
404,Donni,Custy,56,Gävle,Business Development,68110.6
405,Gordan,Nisbet,24,Hrodna,,64822.11
406,Caprice,Stienham,27,Savé,Engineering,56137.72
407,Robinet,Upwood,41,Ban Lam Luk Ka,Marketing,68452.4
408,Mayer,Gossage,29,San Patricio,Business Development,66056.16
409,Kaine,Perrigo,24,Huangqi,Product Management,66160.75
410,Dion,Whittam,23,Syriam,,66425.59
411,Rhett,Heigl,38,Vári,Human Resources,88566.78
412,Caritta,Luciani,55,Jagiełła,Human Resources,65319.99
413,Freddie,Mettrick,41,Santa Nino,Engineering,51882.26
414,Emmanuel,MacHoste,26,Hagerstown,Business Development,57388.25
415,Pris,Spelwood,30,,Legal,88042.94
416,Courtnay,Creelman,23,Dongjiahe,Human Resources,80051.99
417,Tan,Alsford,44,Ресен,Business Development,89377.97
418,Gavan,Po,32,Zawichost,Services,78704.68
419,Donetta,Arndtsen,28,Tari,Product Management,64120.43
420,Mozes,Craister,36,Domaniewice,Accounting,57033.74
421,Hansiain,Marjanovic,33,Labo,Training,78319.43
422,Priscilla,Willment,44,Al Fākhūrah,Human Resources,69544.92
423,Elizabeth,Ratter,23,Marseille,Marketing,53647.96
424,Amata,Vidgeon,52,Dallas,Human Resources,75302.09
425,Coleen,Strelitzki,60,Strasbourg,Services,50704.57
426,Annice,Germaine,51,Kipini,Research and Development,88594.17
427,Merridie,Pirdue,45,Besole,Human Resources,84030.08
428,Ronna,Ruberry,40,Oodweyne,,79066.2
429,Julio,Marval,39,Charlottesville,,88202.34
430,Katlin,Ternent,38,Wangzuo,Accounting,53250.84
431,Dillon,Malley,43,Nanwai,Business Development,50990.25
432,Brigit,Hilland,27,Muting,Engineering,68169.33
433,Shirlene,Stoker,47,Jinrui,Research and Development,76879.71
434,Yolande,Linford,29,Zhanjia,Business Development,57721.93
435,Levon,Levens,56,Shijing,Support,79053.19
436,Orel,Adiscot,21,Vacenovice,Engineering,54439.99
437,Loren,Simeons,24,Mocajuba,Engineering,66949.17
438,Walden,Fryman,47,Guizi,Legal,73210.36
439,Hyatt,Bettridge,60,Usman’,Services,56387.95
440,Daloris,Erie,23,Tula,Accounting,71144.92
441,Harrison,Sangar,51,Victoria,Services,65137.79
442,Timothy,Grealy,39,Spitak,Research and Development,68862.08
443,Glendon,Hick,33,Likino-Dulevo,Human Resources,82776.84
444,Candie,Dullingham,30,Itapuí,Services,54088.54
445,Albina,Sine,41,Matriz de Camaragibe,Legal,78148.34
446,Horten,Jirak,45,Kamensk-Shakhtinskiy,Business Development,71711.69
447,Jerrome,Mardall,22,Forshaga,Accounting,65890.63
448,Albina,Cassels,57,Tuanjie,Human Resources,87758.5
449,Dalli,Hullbrook,47,Buliran,Legal,56578.95
450,Delly,Burn,41,Laolong,Product Management,51252.68
451,Raimondo,Vella,57,Chuanxi,Sales,53541.45
452,Judas,Brownjohn,35,Chishmy,Training,55374.58
453,Lawton,Franciskiewicz,28,Shimabara,Research and Development,50715.99
454,Cleveland,Cowoppe,24,Szczawnica,Accounting,69766.3
455,Alexandro,Mulryan,45,Taihua,Training,56880.41
456,Vinni,Davydkov,27,Padurung,Sales,50850.4
457,Torrence,Cottham,45,Jincheng,Accounting,72621.2
458,Maryrose,Mackley,27,Jingmao,Marketing,63701.78
459,Ajay,Guirard,38,Daiyue,Sales,83632.57
460,Janella,Prickett,31,San Pedro Masahuat,Sales,87092.94
461,Gilbertina,Croall,49,Himaya,Marketing,80119.85
462,Edd,Sizeland,48,Nayoro,Business Development,67669.72
463,Lauren,Johanning,21,Al ‘Ayzarīyah,Services,58152.27
464,Krystyna,La Padula,24,Huarong Chengguanzhen,Support,52622.86
465,Brendon,Dulake,40,Hengdian,Training,76723.53
466,Julianne,Francello,26,Nakhon Ratchasima,Engineering,62796.59
467,Farra,Harmson,22,Bagamoyo,Training,76700.02
468,Ware,Warburton,59,Karanganyar,Research and Development,50458.09
469,Domeniga,Cashmore,34,Mapaniqui,Accounting,89952.74
470,Casie,Soames,46,Huangzhou,Human Resources,79501.38
471,Hermine,Hulks,41,Nehe,Engineering,57366.87
472,Etheline,Bruyntjes,36,Matala,Sales,74333.41
473,Waneta,Remon,23,Al Ghayl,Sales,66349.74
474,Meridel,Londesborough,54,,Services,68377.08
475,Annette,Peacop,34,Honglu,Engineering,78445.27
476,Lilla,Goodbairn,21,Fort Lauderdale,Marketing,59494.77
477,Pamela,Gilmore,42,Funza,Legal,83718.88
478,Katey,Cottu,28,Kalimeneng,Support,62680.34
479,Cele,Sloan,37,Phayuha Khiri,Legal,80431.44
480,Lowrance,McClinton,27,Tân Kỳ,Training,51490.6
481,Xylia,Desantis,39,Yuanyang,Engineering,72390.73
482,Melesa,Tytcomb,23,Wañgan,Sales,79633.7
483,Persis,Cherry,25,Lethem,Human Resources,57594.41
484,Randall,Hofton,56,Huicheng,,88165.76
485,Hilda,Seagood,48,Osh,Business Development,81218.06
486,Lilla,Vallerine,47,Bailai,Research and Development,64061.32
487,Carmina,Vasiltsov,45,Héroumbili,,77914.32
488,Fionna,Briant,53,El Limon,Engineering,74650.43
489,Zoe,Bims,53,Pedro Betancourt,Accounting,65554.28
490,Rand,Wilcott,49,Camp Diable,Research and Development,64372.69
491,Alleyn,Blood,45,Antipolo,Marketing,80253.96
492,Candra,Tomankiewicz,31,Wa,Support,54330.75
493,Zebulon,Milmoe,43,Sebba,Research and Development,63949.13
494,Brenda,Von Oertzen,48,Rudnya,Sales,65740.43
495,Dasie,Morston,36,Chachagüí,Human Resources,52596.24
496,Lilly,McFadden,29,Ngancar,Legal,51542.54
497,Pauli,Lilly,38,Xukou,Legal,60536.22
498,Olimpia,Vater,31,Lelkowo,Human Resources,71102.43
499,Bernarr,Cassy,47,Radoboj,Services,60214.79
500,Alvin,Annis,38,El Paso,Human Resources,75707.58
